,COSTO_UNITARIO,COSTO_UNITARIO_CALCULADO,SUBTOTAL_PARTIDA,COSTO_TOTAL_CALCULADO,MARGEN_UNITARIO_CALCULADO
0,52.8,52.8,434.48,52.8,381.68
1,327.18,327.18,1264.05,327.18,936.87
2,177.68,177.68,3861.29,1243.73,373.94
3,38.96,38.96,140.0,38.96,101.04
4,101.71,101.71,344.83,203.42,70.71
5,49.41,49.41,474.14,98.82,187.66
6,5323.76,5323.76,14000.0,5323.76,8676.24
7,38.96,38.96,283.5,116.88,55.54
8,517.89,517.89,1615.0,517.89,1097.11
9,517.89,517.89,1615.0,517.89,1097.11
10,517.89,517.89,1615.0,517.89,1097.11
11,0.0,586.32,1615.0,586.32,1028.68
12,0.0,586.32,1615.0,586.32,1028.68
13,0.0,86.22,1485.25,86.22,1399.03
14,0.0,742.05,2095.25,742.05,1353.2
15,51.73,149.6,481.25,397.08,42.9
16,124.0,124.0,1542.56,248.0,647.28
17,0.0,141.9,375.0,425.69,-16.9
18,0.0,78.7,4106.5,393.48,742.6
19,0.0,75.77,5749.1,530.41,745.53
20,27.43,27.43,1489.05,82.29,468.92
21,147.76,147.76,2815.59,443.27,790.77
22,259.35,259.35,718.52,259.35,459.17
23,332.65,332.65,898.25,332.65,565.6
24,0.36,0.36,3000.0,0.72,1499.64
25,1081.89,1081.89,5544.0,3245.66,766.11
26,124.0,124.0,2425.0,620.0,361.0
27,44.14,44.14,2250.0,264.83,330.86
28,489.39,489.39,4010.92,978.77,1516.07
29,305.44,305.44,38979.6,9163.18,993.88
30,295.24,295.24,5136.22,1771.42,560.8
31,305.44,305.44,38979.6,9163.18,993.88
32,178.6,178.6,601.23,178.6,422.63
33,68.95,68.95,1505.0,689.45,81.56
34,78.32,78.32,2159.6,783.24,137.64
35,5.76,5.76,382.1,5.76,376.34
36,45.01,45.01,485.23,45.01,440.22
37,289.05,289.05,945.0,289.05,655.95
38,64.85,64.85,10384.0,2594.17,194.75
39,0.0,161.73,938.53,161.73,776.8
40,0.0,1509.14,38160.0,4527.42,11210.86
41,101.71,101.71,5572.89,915.42,517.5
42,0.0,81.91,5050.8,819.14,423.17
43,0.0,497.54,10624.0,3980.31,830.46
44,0.0,98.76,1198.1,197.51,500.3
45,140.29,140.29,803.0,140.29,662.71
46,181.88,181.88,1570.5,363.75,603.38
47,249.89,249.89,1231.7,499.77,365.96
48,48.56,48.56,1540.8,194.24,336.64
49,0.0,195.26,2150.0,195.26,1954.74
50,85.29,85.29,2655.0,426.47,445.71
51,220.0,220.0,385.0,220.0,165.0
52,211.36,211.36,500.0,211.36,288.64
53,242.48,242.48,1671.0,484.95,593.02
54,235.56,235.56,1791.0,471.13,659.94
55,0.0,319.8,1264.25,319.8,944.45
56,0.0,313.8,1264.25,313.8,950.45
57,44.7,44.7,2420.0,178.8,560.3
58,4.02,4.02,337.7,4.02,333.68
59,69.23,69.23,1116.28,138.46,488.91
60,69.23,69.23,1116.28,138.46,488.91
61,556.14,556.14,4236.0,1668.42,855.86
62,447.68,447.68,3564.0,1343.05,740.32
63,95.82,95.82,3978.0,574.91,567.18
64,158.4,158.4,991.6,316.8,337.4
65,272.65,272.65,17420.0,2181.22,1904.85
66,161.63,161.63,1010.46,323.25,343.6
67,105.68,105.68,3940.4,422.72,879.42
68,0.0,795.74,10577.12,3182.95,1848.54
69,51.38,51.38,1044.0,102.76,470.62
70,291.72,291.72,255.01,291.72,-36.71
71,0.0,240.87,5512.5,2408.67,310.38
72,52.48,52.48,364.55,52.48,312.07
73,139.82,139.82,662.0,139.82,522.18
74,275.5,275.5,44259.0,8264.95,1199.8
75,200.3,200.3,2999.72,600.9,799.61
76,372.67,372.67,14500.0,3726.73,1077.33
77,360.5,360.5,8700.0,2162.98,1089.5
78,337.97,337.97,8700.0,2027.79,1112.03
79,113.47,113.47,3320.0,907.73,301.53
80,77.13,77.13,2720.0,771.29,194.87
81,0.0,115.58,2051.74,231.15,910.29
82,0.0,165.19,3174.5,330.39,1422.06
83,0.0,385.71,5970.72,771.42,2599.65
84,85.89,85.89,566.64,85.89,480.75
85,95.96,95.96,5178.0,1151.56,335.54
86,131.65,131.65,6339.6,1579.75,396.65
87,0.0,292.75,1880.28,292.75,1587.53
88,71.25,71.25,3000.0,1425.02,78.75
89,38.96,38.96,98.0,38.96,59.04
90,363.33,363.33,2490.75,1090.0,466.92
91,27.08,27.08,473.28,27.08,446.2
92,436.54,436.54,1659.6,436.54,1223.06
93,38.96,38.96,107.76,38.96,68.8
94,113.22,113.22,499.0,113.22,385.78
95,0.0,247.52,2700.0,742.57,652.48
96,0.0,160.03,3567.0,480.08,1028.97
97,0.0,369.59,4305.0,1108.78,1065.41
98,0.0,67.42,990.0,134.84,427.58
99,71.25,71.25,125.0,71.25,53.75
100,75.89,75.89,175.0,75.89,99.11
101,0.0,1214.3,5251.0,2428.6,1411.2
102,1041.08,1041.08,4928.4,2082.15,1423.12
103,1298.68,1298.68,4137.0,2597.36,769.82
104,0.0,387.87,925.6,387.87,537.73
105,435.3,435.3,1517.63,435.3,1082.33
106,0.0,24.38,1995.4,97.52,474.47
107,167.3,167.3,2629.5,167.3,2462.2
108,104.4,104.4,535.09,104.4,430.69
109,0.0,336.57,2391.69,673.13,859.28
110,0.0,647.84,1572.45,647.84,924.61
111,0.0,436.05,9502.0,1744.19,1939.45
112,0.0,449.35,4161.7,898.7,1631.5
113,0.0,406.61,2118.0,406.61,1711.39
114,281.94,281.94,1250.0,281.94,968.06
115,0.0,67.22,2468.0,268.86,549.79
116,0.0,37.76,1020.0,75.53,472.24
117,13.38,13.38,197.5,13.38,184.12
118,0.0,226.23,1000.0,226.23,773.77
119,0.0,130.2,1700.8,520.79,295.0
120,0.0,137.08,971.0,274.16,348.42
121,220.0,220.0,385.0,220.0,165.0
122,492.92,492.92,3892.24,492.92,3399.32
123,13.38,13.38,197.5,13.38,184.12
124,174.76,174.76,871.5,174.76,696.74
125,0.0,106.0,1125.87,318.0,269.29
126,246.94,246.94,2200.0,493.89,853.06
127,90.18,90.18,565.4,90.18,475.22
128,156.83,156.83,1406.56,627.33,194.81
129,0.0,146.88,3953.0,587.54,841.37
130,0.0,186.95,3314.76,747.79,641.74
131,0.0,99.32,2630.32,397.28,558.26
132,130.78,130.78,1125.0,130.78,994.22
133,134.36,134.36,1125.0,134.36,990.64
134,189.47,189.47,13701.02,2842.01,723.93
135,220.0,220.0,462.0,220.0,242.0
136,395.14,395.14,2665.3,395.14,2270.16
137,141.65,141.65,1579.6,141.65,1437.95
138,526.27,526.27,21602.16,6315.25,1273.91
139,0.0,150.79,2134.4,603.18,382.81
140,96.78,96.78,7200.0,967.82,623.22
141,533.27,533.27,5632.95,1599.82,1344.38
142,319.99,319.99,6804.0,2239.95,652.01
143,0.0,164.55,3798.36,329.11,1734.63
144,168.4,168.4,2045.0,336.79,854.1
145,0.0,418.59,11579.97,1255.77,3441.4
146,0.0,665.36,1054.0,665.36,388.64
147,0.0,569.1,9596.04,2276.4,1829.91
148,78.83,78.83,3429.75,236.48,1064.42
149,0.0,83.5,1705.95,250.49,485.15
150,0.0,791.1,9159.75,2373.3,2262.15
151,0.0,143.89,2116.5,431.66,561.61
152,222.0,222.0,1626.21,444.0,591.1
153,113.59,113.59,715.7,227.19,244.26
154,153.97,153.97,8667.0,1539.68,712.73
155,112.64,112.64,3085.5,675.84,401.61
156,87.1,87.1,307.5,87.1,220.4
157,0.0,297.59,2092.22,595.19,748.52
158,0.0,111.63,900.0,334.89,188.37
159,182.75,182.75,5973.0,548.24,1808.25
160,0.0,106.18,3036.68,424.72,652.99
161,0.0,150.48,3152.2,601.92,637.57
162,36.92,36.92,840.0,73.84,383.08
163,299.62,299.62,945.0,299.62,645.38
164,31.72,31.72,1035.0,95.16,313.28
165,155.39,155.39,1989.28,310.77,839.25
166,145.21,145.21,1476.8,290.42,593.19
167,150.74,150.74,1452.18,150.74,1301.44
168,17.39,17.39,1185.0,104.34,180.11
169,106.55,106.55,336.93,106.55,230.38
170,0.0,89.85,3409.56,539.13,478.41
171,0.0,143.11,2259.43,143.11,2116.32
172,0.0,42.86,894.84,85.71,404.56
173,0.0,337.19,2174.6,337.19,1837.41
174,0.0,226.23,919.0,226.23,692.77
175,51.36,51.36,290.0,102.71,93.64
176,98.64,98.64,3000.0,789.1,276.36
177,1214.3,1214.3,5251.0,2428.6,1411.2
178,0.0,325.78,4758.64,2606.27,269.05
179,431.83,431.83,4556.9,863.66,1846.62
180,124.0,124.0,408.87,124.0,284.87
181,175.18,175.18,1136.53,175.18,961.35
182,12.4,12.4,862.07,12.4,849.67
183,0.0,1782.0,7575.0,5346.0,743.0
184,36.53,36.53,675.4,73.06,301.17
185,672.74,672.74,16492.26,7400.14,826.56
186,1190.42,1190.42,14096.87,7142.54,1159.06
187,0.0,70.04,2040.0,280.17,439.96
188,0.0,189.75,1626.1,379.5,623.3
189,0.0,346.74,2096.0,693.49,701.26
190,112.61,112.61,1050.0,225.21,412.39
191,0.0,3061.83,12750.0,4592.74,5438.17
192,38.96,38.96,239.66,77.92,80.87
193,227.18,227.18,813.0,227.18,585.82
194,0.0,773.91,2068.5,773.91,1294.59
195,304.25,304.25,9108.0,1825.52,1213.75
196,173.0,173.0,2985.3,865.0,424.06
197,29.9,29.9,683.25,29.9,653.35
198,222.0,222.0,813.1,222.0,591.1
199,0.0,52.74,12434.58,949.4,638.07
200,378.69,378.69,3040.0,757.39,1141.31
201,220.0,220.0,385.0,220.0,165.0
202,0.0,253.0,435.0,253.0,182.0
203,0.0,98.63,206.9,98.63,108.27
204,0.0,254.34,52200.0,9156.17,1195.66
205,37.66,37.66,1560.5,75.32,742.59
206,44.54,44.54,1598.24,89.08,754.58
207,48.09,48.09,1643.78,96.18,773.8
208,51.09,51.09,1678.86,102.18,788.34
209,141.49,141.49,1802.24,282.98,759.63
210,201.21,201.21,1984.0,402.41,790.79
211,188.85,188.85,2218.44,377.7,920.37
212,297.2,297.2,2224.0,594.4,814.8
213,30.17,30.17,5075.7,211.19,694.93
214,54.82,54.82,774.9,109.64,332.63
215,0.0,187.31,3348.0,374.62,1486.69
216,0.0,366.42,1920.0,732.84,593.58
217,112.8,112.8,1379.84,225.59,577.12
218,112.8,112.8,1379.84,225.59,577.12
219,0.0,227.18,813.0,227.18,585.82
220,0.0,427.12,9600.0,1281.35,2772.88
221,0.0,369.07,18630.0,2214.39,2735.93
222,101.99,101.99,3550.0,1019.92,253.01
223,0.0,1204.71,4436.54,2409.43,1013.56
224,0.0,74.08,650.32,74.08,576.24
225,1179.22,1179.22,1615.0,1179.22,435.78
226,1179.22,1179.22,1615.0,1179.22,435.78
227,1179.22,1179.22,1615.0,1179.22,435.78
228,1179.22,1179.22,1615.0,1179.22,435.78
229,1179.22,1179.22,1615.0,1179.22,435.78
230,338.28,338.28,1196.0,676.56,259.72
231,160.14,160.14,890.0,320.27,284.86
232,106.55,106.55,606.9,213.1,196.9
233,137.48,137.48,738.5,274.96,231.77
234,119.05,119.05,1775.0,595.24,235.95
235,0.0,125.12,2727.0,500.47,556.63
236,127.62,127.62,4070.0,1276.19,279.38
237,120.29,120.29,3904.0,962.29,367.71
238,113.69,113.69,3801.0,795.85,429.31
239,161.1,161.1,4072.0,1288.78,347.9
240,131.71,131.71,4095.0,395.14,1233.29
241,0.0,459.8,4060.0,1839.19,555.2
242,88.95,88.95,2249.28,355.8,473.37
243,7342.41,7342.41,1125.0,7342.41,-6217.41
244,0.0,440.7,2970.0,881.41,1044.3
245,339.43,339.43,44259.0,10182.84,1135.87
246,29.29,29.29,2500.8,117.15,595.91
247,90.42,90.42,1130.8,180.83,474.98
248,0.0,69.55,997.54,139.11,429.22
249,0.0,470.09,2508.7,470.09,2038.61
250,0.0,373.69,2056.7,747.38,654.66
251,0.0,559.98,1265.2,559.98,705.22
252,0.0,178.49,2397.3,535.46,620.61
253,0.0,139.69,1156.5,139.69,1016.81
254,173.44,173.44,2976.75,520.33,818.81
255,0.0,48.23,1076.1,144.69,310.47
256,0.0,208.27,1498.16,208.27,1289.89
257,0.0,688.35,1599.5,688.35,911.15
258,0.0,375.4,1455.25,375.4,1079.85
259,0.0,415.77,1398.79,415.77,983.02
260,0.0,601.65,2944.0,1203.29,870.35
261,236.98,236.98,1196.55,710.93,161.87
262,0.0,449.84,3689.64,1349.52,780.04
263,0.0,87.59,2040.0,175.18,932.41
264,0.0,43.81,2500.8,175.24,581.39
265,33.9,33.9,1875.86,135.61,435.06
266,688.31,688.31,2524.5,688.31,1836.19
267,236.68,236.68,4120.0,946.71,793.32
268,210.46,210.46,4378.4,841.84,884.14
269,1214.3,1214.3,5251.0,2428.6,1411.2
270,918.12,918.12,23340.0,5508.73,2971.88
271,0.0,1133.81,23340.0,6802.89,2756.19
272,220.0,220.0,462.0,220.0,242.0
273,0.0,41.26,4315.0,41.26,4273.74
274,173.44,173.44,2976.75,520.33,818.81
275,78.24,78.24,1038.0,156.48,440.76
276,211.36,211.36,512.36,211.36,301.0
277,137.48,137.48,382.76,137.48,245.28
278,0.0,134.94,560.04,134.94,425.1
279,235.81,235.81,13701.02,3537.11,677.59
280,370.94,370.94,1255.2,370.94,884.26
281,0.0,36.53,675.4,73.06,301.17
282,0.0,269.59,1931.0,539.17,695.91
283,87.1,87.1,1060.0,348.39,177.9
284,435.26,435.26,2265.0,435.26,1829.74
285,67.47,67.47,2296.0,269.88,506.53
286,122.14,122.14,5515.0,610.68,980.86
287,152.37,152.37,1155.6,304.73,425.43
288,0.0,428.56,11976.12,3857.05,902.12
289,216.65,216.65,800.0,216.65,583.35
290,1246.35,1246.35,8873.08,4985.4,971.92
291,143.8,143.8,470.0,143.8,326.2
292,326.23,326.23,5948.3,3262.29,268.6
293,212.44,212.44,999.91,212.44,787.46
294,317.3,317.3,980.6,317.3,663.3
295,317.3,317.3,980.6,317.3,663.3
296,269.6,269.6,4215.75,808.8,1135.65
297,0.0,111.07,1625.06,222.14,701.46
298,87.1,87.1,375.29,87.1,288.19
299,119.05,119.05,7100.0,2380.95,235.95
300,1666.85,1666.85,8334.25,8334.25,0.0
301,143.8,143.8,2350.0,719.0,326.2
302,2644.78,2644.78,4650.5,2644.78,2005.72
303,303.31,303.31,9307.2,1819.85,1247.89
304,673.14,673.14,3096.0,1346.28,874.86
305,0.0,1783.73,4508.2,1783.73,2724.47
306,220.0,220.0,924.0,440.0,242.0
307,38.96,38.96,215.52,77.92,68.8
308,417.45,417.45,2377.0,417.45,1959.55
309,261.77,261.77,8392.8,2617.65,577.51
310,0.0,351.08,16177.5,5266.17,727.42
311,220.0,220.0,385.0,220.0,165.0
312,377.29,377.29,9438.8,1509.17,1982.41
313,145.03,145.03,8730.0,1305.27,824.97
314,212.44,212.44,999.91,212.44,787.46
315,358.0,358.0,2431.0,716.01,857.5
316,97.81,195.77,1910.0,195.77,1714.24
317,525.52,525.52,6081.0,2102.1,994.73
318,248.65,248.65,2700.0,497.3,1101.35
319,44.14,44.14,1875.0,220.69,330.86
320,220.0,220.0,462.0,220.0,242.0
321,281.63,281.63,2821.2,563.27,1128.97
322,0.0,30.77,1790.0,153.86,327.23
323,541.44,541.44,3216.0,1082.88,1066.56
324,0.0,70.12,2691.6,420.72,378.48
325,112.11,112.11,710.0,112.11,597.89
326,0.0,244.02,12942.0,4880.41,403.08
327,761.07,761.07,6106.5,1522.13,2292.18
328,106.55,106.55,1348.0,426.19,230.45
329,626.37,626.37,3906.52,1252.74,1326.89
330,143.8,143.8,996.0,287.6,354.2
331,327.61,327.61,2005.5,327.61,1677.89
332,0.0,60.56,568.97,60.56,508.41
333,174.73,174.73,1700.0,349.45,675.27
334,300.96,300.96,5595.0,1805.76,631.54
335,1179.22,1179.22,1615.0,1179.22,435.78
336,319.43,319.43,1179.25,319.43,859.82
337,319.43,319.43,1179.25,319.43,859.82
338,417.02,417.02,1848.4,417.02,1431.38
339,417.02,417.02,1848.4,417.02,1431.38
340,66.08,66.08,1988.8,264.34,431.12
341,212.44,212.44,999.91,212.44,787.46
342,98.65,98.65,1318.96,197.3,560.83
343,64.98,64.98,2250.0,389.9,310.02
344,38.96,38.96,189.0,77.92,55.54
345,51.36,51.36,306.0,102.71,101.64
346,38.96,38.96,196.0,77.92,59.04
347,5211.65,5211.65,14000.0,5211.65,8788.35
348,222.0,222.0,732.0,222.0,510.0
349,200.3,200.3,1999.81,400.6,799.61
350,87.1,87.1,2650.8,870.97,177.98
351,0.0,620.47,14175.0,3102.37,2214.53
352,0.0,376.35,2495.0,752.71,871.15
353,519.02,519.02,850.2,519.02,331.18
354,0.0,89.76,485.3,89.76,395.54
355,0.0,72.34,570.3,72.34,497.96
356,1282.76,1282.76,12386.0,5131.02,1813.74
357,116.97,116.97,3568.0,233.93,1667.03
358,0.0,2448.37,7903.2,2448.37,5454.83
359,0.0,1273.61,10047.0,3820.84,2075.39
360,0.0,3489.32,13800.0,6978.64,3410.68
361,97.0,97.0,585.13,97.0,488.13
362,71.53,71.53,2244.0,286.12,489.47
363,88.34,88.34,2244.0,353.34,472.66
364,228.89,228.89,2130.0,686.66,481.11
365,0.0,50.94,579.66,50.94,528.72
366,0.0,45.28,800.0,45.28,754.72
367,0.0,4.92,1185.0,14.76,390.08
368,1137.06,1137.06,18242.88,6822.37,1903.42
369,698.18,698.18,23666.3,6981.76,1668.45
370,211.36,211.36,691.68,211.36,480.32
371,410.21,410.21,862.33,410.21,452.12
372,38.96,38.96,120.0,38.96,81.04
373,0.0,1560.44,37000.0,3120.88,16939.56
374,0.0,88.63,3750.0,2215.69,61.37
375,71.25,71.25,381.04,142.5,119.27
376,0.0,710.34,3700.0,1420.68,1139.66
377,102.22,102.22,636.21,102.22,533.99
378,0.0,502.32,2754.0,1506.97,415.68
379,97.46,97.46,4200.0,779.66,427.54
380,172.28,172.28,990.0,344.57,322.72
381,155.02,155.02,709.0,310.03,199.48
382,177.36,177.36,354.5,177.36,177.14
383,216.46,216.46,6595.74,649.37,1982.12
384,213.66,213.66,5041.92,854.65,1046.82
385,37.66,37.66,1560.5,75.32,742.59
386,44.54,44.54,1598.24,89.08,754.58
387,48.09,48.09,1643.78,96.18,773.8
388,51.09,51.09,1678.86,102.18,788.34
389,72.37,72.37,190.52,72.37,118.15
390,220.0,220.0,435.0,220.0,215.0
391,64.91,64.91,527.59,64.91,462.68
392,258.43,258.43,1205.0,258.43,946.57
393,173.0,173.0,704.5,173.0,531.5
394,0.0,714.2,74700.0,12855.68,3435.8
395,391.24,391.24,1556.35,782.48,386.94
396,116.73,116.73,907.5,116.73,790.77
397,48.49,48.49,495.0,145.47,116.51
398,410.21,410.21,862.35,410.21,452.14
399,316.4,316.4,1551.72,316.4,1235.32
400,6.69,6.69,538.79,6.69,532.1
401,24.0,24.0,387.93,24.0,363.93
402,258.21,258.21,1020.0,258.21,761.79
403,340.8,340.8,77959.2,20448.01,958.52
404,220.0,220.0,445.0,220.0,225.0
405,0.0,447.47,18156.0,5369.65,1065.53
406,0.0,26.95,6006.0,323.44,473.55
407,244.91,244.91,1056.03,244.91,811.12
408,88.95,88.95,3375.0,533.7,473.55
409,91.21,91.21,3879.6,547.28,555.39
410,366.1,366.1,36882.5,9152.38,1109.2
411,736.48,736.48,3053.25,736.48,2316.77
412,356.75,356.75,14753.0,3567.53,1118.55
413,0.0,791.1,9159.75,2373.3,2262.15
414,0.0,236.1,11160.0,4249.74,383.9
415,0.0,517.36,3799.7,1034.72,1382.49
416,0.0,305.38,9833.8,1221.53,2153.07
417,0.0,1306.63,4956.73,1306.63,3650.1
418,88.74,88.74,1972.5,266.21,568.76
419,0.0,1516.24,20887.18,1516.24,19370.94
420,2935.26,2935.26,14274.0,5870.53,4201.74
421,137.48,137.48,435.72,137.48,298.24
422,42.79,42.79,120.09,42.79,77.3
423,112.24,112.24,633.6,112.24,521.36
424,111.07,111.07,564.71,111.07,453.64
425,112.24,112.24,633.6,112.24,521.36
426,59.54,59.54,498.65,59.54,439.11
427,110.37,110.37,616.0,110.37,505.63
428,110.37,110.37,598.0,110.37,487.63
429,90.16,90.16,862.0,90.16,771.84
430,106.52,106.52,2116.5,319.57,598.98
431,0.0,158.37,2822.0,633.46,547.13
432,359.16,359.16,2278.45,359.16,1919.29
433,377.29,377.29,9438.8,1509.17,1982.41
434,0.0,165.15,1105.6,165.15,940.45
435,360.32,360.32,4800.0,720.65,2039.68
436,0.36,0.36,3000.0,0.72,1499.64
437,220.0,220.0,435.0,220.0,215.0
438,0.0,161.73,3754.12,646.92,776.8
439,0.0,47.25,810.4,94.49,357.95
440,113.59,113.59,357.76,113.59,244.17
441,0.0,91.9,3128.5,459.5,533.8
442,0.0,98.64,1877.1,295.92,527.06
443,51.36,51.36,153.45,51.36,102.09
444,0.0,203.34,5101.91,5083.38,0.74
445,0.0,1140.93,7413.0,4563.71,712.32
446,0.0,251.51,2995.0,1257.53,347.49
447,0.0,183.83,4400.0,735.34,916.17
448,0.0,755.73,3982.12,1511.46,1235.33
449,0.0,70.86,535.12,70.86,464.26
450,0.0,1830.01,7858.22,3660.03,2099.1
451,0.0,94.84,188.0,94.84,93.16
452,321.87,321.87,650.0,321.87,328.13
453,144.4,144.4,970.0,288.8,340.6
454,50.54,50.54,310.0,50.54,259.46
455,0.0,409.87,3191.49,1229.62,653.96
456,204.07,204.07,908.0,204.07,703.93
457,48.49,48.49,163.0,48.49,114.51
458,0.0,722.38,2325.0,722.38,1602.62
459,248.65,248.65,2700.0,497.3,1101.35
460,0.0,387.87,2010.0,775.73,617.13
461,0.0,404.78,1005.0,404.78,600.22
462,1125.85,1125.85,2849.5,1125.85,1723.65
463,432.3,432.3,1265.09,432.3,832.79
464,0.0,396.54,9006.9,3965.36,504.15
465,48.21,48.21,527.0,48.21,478.79
466,318.83,318.83,11169.0,2869.44,922.17
467,133.09,133.09,1120.69,133.09,987.6
468,160.64,160.64,4680.0,963.82,619.36
469,0.0,403.47,867.03,403.47,463.56
470,0.0,148.76,940.0,148.76,791.24
471,0.0,148.76,940.0,148.76,791.24
472,0.0,111.17,4103.6,2779.23,52.97
473,7.6,7.6,907.0,7.6,899.4
474,107.68,107.68,659.6,107.68,551.92
475,0.0,647.84,4717.35,1943.52,924.61
476,50.54,50.54,1240.0,202.16,259.46
477,493.68,493.68,6460.0,1974.74,1121.32
478,0.0,123.23,760.25,123.23,637.02
479,4045.07,4045.07,23995.24,4045.07,19950.17
480,1214.3,1214.3,5251.0,2428.6,1411.2
481,0.0,67.57,290.0,135.14,77.43
482,223.66,223.66,1035.0,223.66,811.34
483,183.93,183.93,1224.0,367.86,428.07
484,333.44,333.44,4125.0,1667.21,491.56
485,842.74,842.74,3059.38,1685.48,686.95
486,217.64,217.64,4220.7,1305.87,485.81
487,797.54,797.54,2750.0,797.54,1952.46
488,1319.75,1319.75,10047.0,3959.26,2029.25
489,42.79,42.79,110.0,42.79,67.21
490,67.31,67.31,1307.91,201.92,368.66
491,67.21,67.21,982.06,134.42,423.82
492,86.23,86.23,360.0,172.46,93.77
493,48.49,48.49,163.0,48.49,114.51
494,0.0,213.87,676.72,213.87,462.85
495,0.0,48.85,1000.0,48.85,951.15
496,0.0,48.85,3000.0,146.54,951.15
497,46.14,46.14,6952.0,461.36,649.06
498,220.0,220.0,462.0,220.0,242.0
499,0.0,210.95,4876.39,4218.97,32.87
500,28.9,28.9,468.1,28.9,439.2
501,671.48,671.48,2790.7,1342.97,723.87
502,249.07,249.07,3111.3,747.21,788.03
503,714.2,714.2,74700.0,12855.68,3435.8
504,160.64,160.64,4680.0,963.82,619.36
505,72.37,72.37,2500.0,723.67,177.63
506,199.22,199.22,5096.56,796.86,1074.92
507,842.74,842.74,3059.38,1685.48,686.95
508,143.09,143.09,1610.0,286.18,661.91
509,0.0,148.02,812.0,148.02,663.98
510,0.0,38.92,587.0,38.92,548.08
511,51.36,51.36,306.9,102.71,102.09
512,517.64,517.64,3144.9,1035.28,1054.81
513,0.0,921.37,7402.72,921.37,6481.35
514,2935.26,2935.26,14266.34,5870.53,4197.91
515,76.46,76.46,1035.0,382.32,130.54
516,36.0,36.0,622.0,36.0,586.0
517,67.21,67.21,1208.25,67.21,1141.04
518,509.98,509.98,7800.0,1529.93,2090.02
519,694.6,694.6,31500.0,3472.99,5605.4
520,0.0,242.78,1970.0,485.55,742.22
521,0.0,722.34,3837.4,722.34,3115.06
522,0.0,518.59,4893.0,2592.94,460.01
523,3624.09,3624.09,13800.0,7248.18,3275.91
524,144.4,144.4,420.69,144.4,276.29
525,841.63,841.63,1756.0,841.63,914.37
526,0.0,567.27,1697.71,567.27,1130.44
527,144.4,144.4,485.0,144.4,340.6
528,50.54,50.54,796.0,101.08,347.46
529,0.0,333.2,12264.0,3998.41,688.8
530,504.53,504.53,4994.0,1009.05,1992.47
531,0.0,374.14,6832.0,2619.0,601.86
532,852.37,852.37,12213.0,3409.48,2200.88
533,335.51,335.51,51635.5,11742.95,1139.79
534,0.0,791.1,30532.5,7911.01,2262.15
535,0.0,928.07,3395.0,928.07,2466.93
536,0.0,61.88,4886.2,618.84,426.74
537,42.99,42.99,732.0,85.97,323.01
538,11.02,11.02,553.82,22.03,265.89
539,76.74,76.74,1242.0,460.41,130.27
540,222.0,222.0,732.0,222.0,510.0
541,33.79,33.79,427.0,33.79,393.21
542,112.64,112.64,1028.5,225.28,401.61
543,144.4,144.4,2425.0,722.0,340.6
544,50.54,50.54,310.0,50.54,259.46
545,72.34,72.34,893.0,72.34,820.66
546,210.95,210.95,4148.34,3586.12,33.07
547,0.0,1168.41,11581.88,4673.63,1727.06
548,1048.4,1048.4,8744.0,4193.61,1137.6
549,42.79,42.79,120.12,42.79,77.33
550,0.0,319.29,13065.0,1915.76,1858.21
551,0.0,145.86,1246.4,291.71,477.34
552,0.0,98.63,3308.5,986.31,232.22
553,0.0,406.12,2044.2,406.12,1638.08
554,97.53,97.53,648.3,97.53,550.77
555,10.7,10.7,419.0,10.7,408.3
556,0.0,98.63,225.0,98.63,126.37
557,0.0,136.98,734.5,136.98,597.52
558,2227.85,2227.85,27600.0,4455.7,11572.15
559,305.31,305.31,2316.38,610.62,852.88
560,90.91,90.91,3105.0,1363.68,116.09
561,42.35,42.35,634.5,42.35,592.15
562,33.79,33.79,1708.0,135.17,393.21
563,3.8,3.8,301.07,3.8,297.27
564,344.32,344.32,1306.03,344.32,961.71
565,131.87,131.87,7100.0,2637.36,223.13
566,224.13,224.13,8700.0,1344.78,1225.87
567,200.3,200.3,999.95,200.3,799.65
568,0.0,113.06,2050.0,565.29,296.94
569,773.91,773.91,2200.0,773.91,1426.09
570,477.85,477.85,4893.0,2389.27,500.75
571,136.25,136.25,3660.0,681.25,595.75
572,62.82,62.82,153.25,62.82,90.43
573,101.4,101.4,663.88,101.4,562.48
574,0.0,483.67,2025.2,483.67,1541.53
575,217.64,217.64,4220.7,1305.87,485.81
576,0.0,144.4,2440.0,722.0,343.6
577,62.82,62.82,306.9,125.64,90.63
578,0.0,46.17,9940.0,461.74,947.83
579,0.0,286.82,2756.25,1434.11,264.43
580,797.54,797.54,5500.0,1595.08,1952.46
581,36.52,36.52,950.0,73.04,438.48
582,701.72,701.72,2278.45,701.72,1576.73
583,88.03,88.03,1500.0,352.13,286.97
584,1368.31,1368.31,6273.0,1368.31,4904.69
585,33.75,33.75,532.76,33.75,499.01
586,80.09,80.09,605.4,80.09,525.31
587,227.18,227.18,1379.26,454.37,462.44
588,0.0,5301.49,13776.88,5301.49,8475.39
589,172.13,172.13,1867.7,344.27,761.72
590,58.36,58.36,670.0,116.73,276.64
591,0.0,330.09,1944.0,330.09,1613.91
592,0.0,453.27,2133.25,453.27,1679.98
593,253.0,253.0,424.0,253.0,171.0
594,0.0,1261.99,2068.5,1261.99,806.51
595,0.0,1261.99,2068.5,1261.99,806.51
596,0.0,1067.99,4928.4,2135.98,1396.21
597,1130.54,1130.54,4928.4,2261.08,1333.66
598,2061.24,2061.24,13740.0,6183.72,2518.76
599,518.74,518.74,2325.34,518.74,1806.6
600,60.64,60.64,564.1,60.64,503.46
601,685.68,685.68,6460.0,2742.7,929.32
602,295.91,295.91,1451.65,295.91,1155.74
603,0.0,206.11,1144.0,412.22,365.89
604,0.0,363.09,1624.0,726.18,448.91
605,0.0,599.82,3096.0,1199.64,948.18
606,0.0,83.98,4976.0,671.87,538.02
607,0.0,236.74,4930.0,1183.69,749.26
608,279.88,279.88,9064.0,2239.06,853.12
609,165.95,165.95,1877.06,331.9,772.58
610,42.79,42.79,452.58,128.38,108.07
611,0.0,4434.97,474.14,4434.97,-3960.83
612,806.14,806.14,12213.0,3224.57,2247.11
613,0.0,324.05,1526.77,324.05,1202.72
614,0.0,190.25,6528.0,1141.51,897.75
615,0.0,244.07,77760.0,14643.92,1051.93
616,170.19,170.19,689.0,170.19,518.81
617,181.72,181.72,11560.0,3634.36,396.28
618,253.0,253.0,385.0,253.0,132.0
619,0.0,101.07,6105.0,1516.01,305.93
620,0.0,113.69,4344.0,909.55,429.31
621,115.41,115.41,8190.0,692.44,1249.59
622,168.7,168.7,1139.88,168.7,971.18
623,117.49,117.49,7900.0,1174.89,672.51
624,77.57,77.57,420.0,155.15,132.43
625,0.0,335.46,24145.8,9392.95,526.89
626,0.0,149.98,617.2,149.98,467.22
627,222.0,222.0,1464.0,444.0,510.0
628,0.0,30.65,1165.86,61.3,552.28
629,0.0,30.65,1748.79,91.95,552.28
630,97.49,97.49,265.08,97.49,167.59
631,0.0,114.65,1185.0,229.29,477.85
632,321.87,321.87,1926.0,965.61,320.13
633,0.0,104.4,1988.8,208.8,890.0
634,0.0,65.47,1265.0,130.94,567.03
635,287.63,287.63,5880.0,1725.78,692.37
636,0.0,471.48,4522.0,1885.91,659.02
637,0.0,160.02,1680.0,320.04,679.98
638,0.0,710.13,7370.0,2840.53,1132.37
639,0.0,736.2,3829.0,1472.41,1178.3
640,0.0,244.63,12393.0,2446.31,994.67
641,0.0,213.38,8376.0,1707.07,833.62
642,0.0,213.77,4825.0,1068.83,751.23
643,0.0,62.28,1032.0,124.56,453.72
644,171.87,171.87,453.24,171.87,281.37
645,0.0,1952.03,38063.65,9760.13,5660.7
646,0.0,295.95,15680.0,4735.23,684.05
647,0.0,62.4,5460.0,374.39,847.6
648,407.85,407.85,1140.86,407.85,733.01
649,0.0,116.78,3000.0,467.13,633.22
650,848.3,848.3,4210.6,1696.61,1257.0
651,208.61,208.61,775.6,208.61,567.0
652,0.0,59.77,801.28,119.54,340.87
653,200.3,200.3,1999.81,400.6,799.61
654,266.04,266.04,52200.0,9577.26,1183.97
655,3900.52,3900.52,12500.0,3900.52,8599.48
656,79.79,79.79,1288.0,159.57,564.21
657,83.72,83.72,1141.6,167.44,487.08
658,80.09,80.09,605.4,80.09,525.31
659,253.0,253.0,425.0,253.0,172.0
660,55.83,55.83,563.5,55.83,507.67
661,253.0,253.0,424.0,253.0,171.0
662,0.0,332.9,9900.0,3994.81,492.1
663,200.3,200.3,999.91,200.3,799.61
664,7.6,7.6,739.66,7.6,732.06
665,206.22,206.22,9364.5,2062.24,730.23
666,378.12,378.12,38979.6,11343.64,921.2
667,602.39,602.39,3668.0,602.39,3065.61
668,68.34,68.34,1625.06,136.67,744.19
669,135.69,135.69,1940.0,542.76,349.31
670,54.8,54.8,1500.0,219.2,320.2
671,432.0,432.0,1206.0,1728.0,-130.5
672,0.0,199335.56,32582.18,199335.56,-166753.38
673,0.0,47.7,1128.2,95.4,516.4
674,717.66,717.66,4436.0,1435.32,1500.34
675,200.3,200.3,999.91,200.3,799.61
676,42.79,42.79,94.5,42.79,51.71
677,562.77,562.77,1697.71,562.77,1134.94
678,0.0,483.67,4050.4,967.34,1541.53
679,174.94,174.94,3196.4,699.77,624.16
680,321.87,321.87,1926.0,965.61,320.13
681,89.98,89.98,9270.0,539.86,1455.02
682,0.0,752.71,3026.6,752.71,2273.89
683,0.0,111.07,2437.59,333.2,701.46
684,253.0,253.0,385.0,253.0,132.0
685,7.2,7.2,1310.0,14.4,647.8
686,43.24,43.24,5045.0,432.37,461.26
687,0.0,120.27,7159.2,1443.18,476.34
688,135.69,135.69,510.0,135.69,374.31
689,355.29,355.29,29506.0,7105.79,1120.01
690,1465.29,1465.29,7460.0,2930.59,2264.71
691,92.33,92.33,245.0,92.33,152.67
692,227.74,227.74,1410.0,227.74,1182.26
693,65.63,65.63,1657.94,131.25,763.34
694,654.97,654.97,2098.6,1309.94,394.33
695,23.77,23.77,1263.68,47.53,608.07
696,67.69,67.69,1600.38,135.37,732.5
697,62.82,62.82,905.0,314.09,118.18
698,77.57,77.57,1125.0,387.87,147.43
699,668.43,668.43,1572.45,668.43,904.02
700,0.0,835.04,6400.0,3340.17,764.96
701,0.0,381.64,6438.0,2289.82,691.36
702,0.0,257.09,5976.0,1542.56,738.91
703,0.0,197.63,1115.0,395.26,359.87
704,48.49,48.49,192.0,48.49,143.51
705,54.8,54.8,620.0,109.6,255.2
706,0.0,86.18,1506.08,172.35,666.86
707,0.0,629.46,9300.0,3776.75,920.54
708,0.0,595.77,9000.0,3574.62,904.23
709,48.03,48.03,564.1,48.03,516.07
710,205.2,205.2,521.04,205.2,315.84
711,135.69,135.69,1940.0,542.76,349.31
712,54.8,54.8,1240.0,219.2,255.2
713,77.57,77.57,465.0,232.72,77.43
714,0.0,77.8,2158.4,311.18,461.8
715,0.0,246.69,2760.0,493.38,1133.31
716,92.24,92.24,4962.0,1383.54,238.56
717,42.65,42.65,690.0,85.29,302.35
718,155.39,155.39,1989.28,310.77,839.25
719,80.09,80.09,1210.8,160.18,525.31
720,177.85,177.85,735.65,177.85,557.8
721,331.33,331.33,1217.5,662.65,277.42
722,0.0,117.09,8100.0,1170.9,692.91
723,0.0,798.08,3153.92,3192.33,-9.6
724,0.0,670.74,2818.4,670.74,2147.66
725,111.07,111.07,812.43,111.07,701.36
726,236.06,236.06,6180.0,1416.34,793.94
727,32.24,32.24,1831.28,128.97,425.58
728,87.04,87.04,2940.0,174.08,1382.96
729,1072.93,1072.93,4372.0,2145.86,1113.07
730,144.19,144.19,3750.0,1441.92,230.81
731,0.0,122.35,1125.0,367.04,252.65
732,0.0,236.03,7962.5,2360.31,560.22
733,0.0,237.87,8505.0,2378.73,612.63
734,76.68,76.68,1270.0,153.36,558.32
735,227.18,227.18,702.59,227.18,475.41
736,521.59,521.59,1265.0,521.59,743.41
737,174.16,174.16,1350.0,348.32,500.84
738,91.63,91.63,1392.0,183.26,604.37
739,0.0,61.88,4397.58,556.96,426.74
740,0.0,171.66,4260.0,1029.98,538.34
741,0.0,1273.61,10047.0,3820.84,2075.39
742,0.0,1304.15,5330.0,2608.29,1360.85
743,97.49,97.49,435.72,97.49,338.23
744,97.53,97.53,648.3,97.53,550.77
745,10.7,10.7,419.0,10.7,408.3
746,18.14,18.14,36950.0,1813.59,351.36
747,0.0,514.77,22504.4,2573.85,3986.11
748,0.0,114.05,2502.8,456.18,511.65
749,100.68,100.68,3128.5,503.4,525.02
750,0.0,98.64,3754.2,591.85,527.06
751,0.0,546.03,3036.0,1092.06,971.97
752,0.0,1220.15,2776.65,1220.15,1556.5
753,473.55,473.55,2008.0,473.55,1534.45
754,0.0,152.07,3522.0,912.43,434.93
755,0.0,230.29,3122.0,921.15,550.21
756,0.0,345.97,1165.95,345.97,819.98
757,0.0,322.13,1112.0,322.13,789.87
758,0.0,192.93,5016.8,771.72,1061.27
759,54.8,54.8,310.0,54.8,255.2
760,141.3,141.3,1455.0,423.89,343.7
761,0.0,185.81,2764.11,557.42,735.56
762,123.23,123.23,518.97,123.23,395.73
763,773.12,773.12,21372.75,5411.87,2280.13
764,665.36,665.36,1054.0,665.36,388.64
765,276.18,276.18,1047.7,552.36,247.67
766,925.21,925.21,4372.0,1850.42,1260.79
767,136.58,136.58,727.58,136.58,591.0
768,0.0,82.32,343.0,82.32,260.68
769,405.35,405.35,2928.0,1216.06,570.65
770,260.2,260.2,732.0,260.2,471.8
771,345.97,345.97,1165.95,345.97,819.98
772,0.0,27.79,809.3,55.57,376.86
773,65.25,65.25,1297.0,130.51,583.25
774,64.34,64.34,1297.0,128.69,584.16
775,64.34,64.34,1386.7,128.69,629.01
776,210.24,210.24,576.03,210.24,365.79
777,265.64,265.64,657.12,265.64,391.48
778,205.2,205.2,499.7,205.2,294.5
779,0.0,76.36,659.6,76.36,583.24
780,15.03,15.03,1230.0,150.32,107.97
781,133.05,133.05,7100.0,2660.93,221.95
782,133.05,133.05,5325.0,1995.7,221.95
783,1357.1,1357.1,2068.5,1357.1,711.4
784,1130.54,1130.54,4928.4,2261.08,1333.66
785,295.59,295.59,5880.0,1773.52,684.41
786,0.0,185.06,1074.04,185.06,888.98
787,42.63,42.63,3155.52,170.5,746.26
788,0.0,297.42,727.31,297.42,429.89
789,54.8,54.8,624.27,54.8,569.47
790,206.11,206.11,572.0,206.11,365.89
791,0.0,363.09,4872.0,2178.55,448.91
792,0.0,671.28,1548.0,671.28,876.72
793,0.0,66.99,1320.0,133.98,593.01
794,172.53,172.53,2372.34,345.06,1013.64
795,0.0,202.71,2025.0,608.14,472.29
796,161.73,161.73,4692.65,808.65,776.8
797,0.0,675.99,13329.44,5407.95,990.19
798,345.97,345.97,1165.95,345.97,819.98
799,0.0,131.45,32783.62,7098.51,475.65
800,0.0,137.76,16510.82,3719.48,473.75
801,0.0,203.69,2260.25,611.06,549.73
802,0.0,126.45,1606.44,379.36,409.03
803,144.4,144.4,1717.5,433.2,428.1
804,0.0,323.11,794.0,323.11,470.89
805,165.65,165.65,941.0,165.65,775.35
806,110.15,110.15,2545.2,440.58,526.15
807,171.87,171.87,400.0,171.87,228.13
808,0.0,2549.57,14266.34,5099.14,4583.6
809,156.34,156.34,2394.0,469.01,641.66
810,42.79,42.79,139.0,42.79,96.21
811,150.16,150.16,2360.1,450.49,636.54
812,0.0,255.13,8420.0,1020.51,1849.87
813,0.0,216.25,3260.0,1081.24,435.75
814,0.0,195.43,3874.0,781.73,773.07
815,1389.6,1389.6,4436.54,2779.2,828.67
816,257.6,257.6,8100.0,2575.95,552.4
817,0.0,384.87,17077.5,4233.54,1167.63
818,54.8,54.8,348.0,54.8,293.2
819,1195.0,1195.0,3120.0,1195.0,1925.0
820,97.49,97.49,315.0,97.49,217.51
821,171.87,171.87,871.44,343.73,263.85
822,0.0,316.45,1127.0,316.45,810.55
823,1306.63,1306.63,4956.73,1306.63,3650.1
824,155.25,155.25,1628.0,620.99,251.75
825,0.0,132.16,2165.0,528.65,409.09
826,0.0,203.04,5460.0,812.15,1161.96
827,122.18,122.18,2727.0,488.72,559.57
828,0.0,649.31,3200.0,649.31,2550.69
829,0.0,590.21,6400.0,1180.41,2609.79
830,0.0,595.74,3200.0,595.74,2604.26
831,585.92,585.92,3521.6,585.92,2935.68
832,429.81,429.81,38979.6,12894.24,869.51
833,788.54,788.54,12750.0,2365.62,3461.46
834,244.91,244.91,846.2,244.91,601.29
835,0.0,270.68,2101.38,541.35,780.01
836,0.0,230.7,4265.1,461.4,1901.85
837,790.28,790.28,14600.0,3161.13,2859.72
838,753.71,753.71,13000.0,3014.83,2496.29
839,703.11,703.11,12750.0,3515.54,1846.89
840,0.0,67.57,310.0,135.14,87.43
841,0.0,264.47,19243.56,5553.86,651.89
842,5169.85,5169.85,25258.15,5169.85,20088.3
843,0.0,324.71,3845.8,1298.83,636.74
844,89.76,89.76,485.2,89.76,395.44
845,72.34,72.34,570.3,72.34,497.96
846,0.0,89.76,485.2,89.76,395.44
847,0.0,72.34,570.3,72.34,497.96
848,0.0,236.2,4116.0,1417.21,449.8
849,220.0,220.0,924.0,440.0,242.0
850,0.0,1931.62,8377.26,3863.23,2257.01
851,0.0,277.5,14000.0,277.5,13722.5
852,333.0,333.0,9900.0,3995.98,492.0
853,257.6,257.6,8100.0,2575.95,552.4
854,1225.86,1225.86,3521.6,1225.86,2295.74
855,92.33,92.33,2070.0,923.31,114.67
856,0.0,282.91,4820.0,1131.63,922.09
857,0.0,223.92,2927.5,1119.59,361.58
858,0.0,249.92,3240.0,1249.59,398.08
859,567.27,567.27,1697.71,567.27,1130.44
860,0.0,75.77,4106.5,378.86,745.53
861,0.0,193.86,4125.0,193.86,3931.14
862,0.0,197.36,1369.18,197.36,1171.82
863,55.23,55.23,1772.0,110.46,830.77
864,36.8,36.8,1390.0,73.59,658.2
865,80.09,80.09,1330.0,160.18,584.91
866,0.0,1721.28,18869.0,1721.28,17147.72
867,179.31,179.31,600.0,179.31,420.69
868,0.0,514.93,12500.0,5149.29,735.07
869,0.0,301.16,5472.0,1806.93,610.84
870,0.0,750.38,6924.0,4502.25,403.62
871,0.0,43.88,4176.0,263.28,652.12
872,0.0,215.26,5328.0,1291.57,672.74
873,0.0,128.74,5090.0,1287.37,380.26
874,122.67,122.67,2442.0,736.0,284.33
875,0.0,490.5,31024.0,7848.04,1448.5
876,0.0,330.66,3192.0,991.99,733.34
877,144.4,144.4,2425.0,722.0,340.6
878,54.8,54.8,1550.0,274.0,255.2
879,0.0,244.61,8764.0,1712.29,1007.39
880,82.15,82.15,2160.0,246.45,637.85
881,335.77,335.77,1215.5,335.77,879.73
882,74.45,74.45,1850.0,744.5,110.55
883,42.79,42.79,625.0,213.97,82.21
884,72.37,72.37,326.0,144.73,90.63
885,97.49,97.49,714.0,292.48,140.51
886,144.2,144.2,1488.0,432.6,351.8
887,396.78,396.78,3904.0,1587.1,579.22
888,291.48,291.48,44259.0,8744.54,1183.82
889,0.0,374.14,3904.0,1496.57,601.86
890,290.21,290.21,29506.0,5804.18,1185.09
891,844.23,844.23,12213.0,3376.92,2209.02
892,62.82,62.82,310.0,125.64,92.18
893,0.0,227.21,4028.0,908.84,779.79
894,0.0,156.55,853.0,156.55,696.45
895,338.22,338.22,9438.8,1352.89,2021.48
896,0.0,301.83,1139.86,301.83,838.03
897,82.15,82.15,2880.0,328.6,637.85
898,1135.53,1135.53,7392.6,3406.59,1328.67
899,1261.99,1261.99,4137.0,2523.98,806.51
900,91.5,91.5,1653.6,366.02,321.9
901,0.0,181.44,785.0,181.44,603.56
902,0.0,1884.35,5909.84,1884.35,4025.49
903,0.0,628.8,4471.8,1257.6,1607.1
904,0.0,282.47,12360.0,3389.64,747.53
905,0.0,82.37,870.0,164.74,352.63
906,0.0,2121.33,5251.28,2121.33,3129.95
907,430.03,430.03,38979.6,12900.92,869.29
908,73.01,73.01,1320.0,73.01,1246.99
909,72.97,72.97,483.54,72.97,410.58
910,72.37,72.37,155.0,72.37,82.63
911,0.0,150.77,2450.0,753.85,339.23
912,32.38,32.38,1228.0,129.51,274.62
913,31.14,31.14,661.2,31.14,630.06
914,572.12,572.12,3392.5,1144.25,1124.13
915,917.05,917.05,2290.12,917.05,1373.07
916,469.69,469.69,2278.45,469.69,1808.76
917,86.15,86.15,11025.0,1292.21,648.85
918,210.34,210.34,6348.0,841.34,1376.66
919,438.86,438.86,4796.25,1316.59,1159.89
920,0.0,1149.73,6654.0,3449.19,1068.27
921,0.0,110.45,785.0,110.45,674.55
922,264.47,264.47,19243.56,5553.86,651.89
923,345.81,345.81,690.0,691.62,-0.81
924,0.0,90.71,1575.0,181.42,696.79
925,62.95,62.95,154.31,62.95,91.36
926,48.2,48.2,120.0,48.2,71.8
927,0.0,183.81,3308.68,367.61,1470.53
928,0.0,0.0,7444.77,0.0,2481.59
929,457.78,457.78,4522.0,1831.12,672.72
930,249.45,249.45,1284.0,249.45,1034.55
931,2754.67,2754.67,25258.15,2754.67,22503.48
932,210.24,210.24,668.0,210.24,457.76
933,0.0,120.77,758.5,120.77,637.73
934,10.82,10.82,1575.0,32.46,514.18
935,43.81,43.81,3751.2,262.85,581.39
936,48.94,48.94,1875.6,146.81,576.26
937,78.65,78.65,155.0,78.65,76.35
938,227.62,227.62,2949.0,682.85,755.38
939,0.0,66.88,535.0,66.88,468.12
940,48.2,48.2,125.0,48.2,76.8
941,62.95,62.95,155.0,62.95,92.05
942,6587.67,6587.67,1048.97,6587.67,-5538.7
943,348.7,348.7,2112.7,697.4,707.65
944,242.78,242.78,1970.0,485.55,742.22
945,0.0,31.14,661.2,31.14,630.06
946,185.95,185.95,18700.0,3719.07,749.05
947,457.71,457.71,13065.0,2746.25,1719.79
948,0.0,182.87,5973.0,548.62,1808.13
949,4.8,4.8,1230.0,48.02,118.2
950,135.18,135.18,2116.5,405.53,570.32
951,136.6,136.6,2116.5,409.8,568.9
952,210.24,210.24,4242.0,1471.68,395.76
953,260.2,260.2,813.0,260.2,552.8
954,216.17,216.17,6118.4,1729.33,548.63
955,97.49,97.49,265.08,97.49,167.59
956,173.0,173.0,597.0,173.0,424.0
957,0.0,333.77,7756.0,1668.85,1217.43
958,0.0,369.86,1584.6,369.86,1214.74
959,0.0,88.53,1349.64,177.06,586.29
960,2613.6,2613.6,36965.56,5227.2,15869.18
961,0.0,129.95,2160.0,389.85,590.05
962,0.0,0.0,9700.0,0.0,9700.0
963,223.04,223.04,653.0,223.04,429.96
964,0.0,43.93,2200.0,87.87,1056.07
965,0.0,1062.78,4372.0,2125.57,1123.22
966,0.0,144.47,3516.4,1444.71,207.17
967,0.0,360.69,3948.62,721.38,1613.62
968,0.0,886.73,2874.31,886.73,1987.58
969,0.0,610.78,4430.0,1221.56,1604.22
970,253.0,253.0,924.0,506.0,209.0
971,0.0,1204.71,8873.08,4818.85,1013.56
972,0.0,71.02,1225.2,142.04,541.58
973,0.0,1048.9,16000.0,5244.49,2151.1
974,0.0,126.46,9372.0,1517.55,654.54
975,0.0,191.22,17700.0,2868.3,988.78
976,314.44,314.44,29506.0,6288.76,1160.86
977,363.31,363.31,22891.6,7266.24,781.27
978,92.32,92.32,6616.0,1846.35,238.48
979,741.05,741.05,10484.6,2964.18,1880.1
980,0.0,119.95,1038.28,239.89,399.19
981,470.05,470.05,1443.3,470.05,973.25
982,0.0,217.51,1033.0,217.51,815.49
983,39.22,39.22,295.0,39.22,255.78
984,84.41,84.41,3860.0,844.11,301.59
985,260.2,260.2,813.1,260.2,552.9
986,1216.54,1216.54,3450.74,1216.54,2234.2
987,78.65,78.65,225.0,78.65,146.35
988,0.0,927.84,2256.35,927.84,1328.51
989,260.2,260.2,2196.0,780.6,471.8
990,0.0,240.58,8940.0,2887.02,504.42
991,0.0,226.8,8642.0,2268.0,637.4
992,226.23,226.23,1999.81,452.46,773.68
993,693.77,693.77,1800.0,693.77,1106.23
994,1261.99,1261.99,2068.5,1261.99,806.51
995,0.0,1165.13,3213.0,1165.13,2047.87
996,0.0,1067.99,9856.8,4271.95,1396.21
997,313.65,313.65,16200.0,6273.1,496.35
998,0.0,521.55,1075.31,521.55,553.76
999,0.0,127.11,6028.0,1016.9,626.39
1000,42.8,42.8,497.89,42.8,455.09
1001,0.0,679.75,7200.0,2039.25,1720.25
1002,100.13,100.13,1294.0,200.26,546.87
1003,894.91,894.91,1294.0,1789.82,-247.91
1004,0.0,102.31,1125.0,204.63,460.19
1005,260.2,260.2,1626.21,520.4,552.9
1006,137.83,137.83,6879.51,1240.49,626.56
1007,203.69,203.69,941.77,203.69,738.08
1008,126.54,126.54,669.35,126.54,542.81
1009,68.35,68.35,1726.0,136.7,794.65
1010,388.11,388.11,1045.31,388.11,657.2
1011,68.35,68.35,1803.0,136.7,833.15
1012,330.66,330.66,3192.0,991.99,733.34
1013,331.61,331.61,29506.0,6632.15,1143.69
1014,1388.82,1388.82,3730.0,1388.82,2341.18
1015,144.4,144.4,485.0,144.4,340.6
1016,0.0,436.59,4556.9,873.18,1841.86
1017,0.0,176.15,817.89,176.15,641.74
1018,253.0,253.0,385.0,253.0,132.0
1019,77.13,77.13,3860.0,771.29,308.87
1020,0.0,112.39,5353.05,337.18,1671.96
1021,107.5,107.5,2630.32,429.99,550.08
1022,158.36,158.36,3118.0,633.45,621.14
1023,265.64,265.64,871.44,531.27,170.08
1024,125.68,125.68,700.82,251.36,224.73
1025,57.6,57.6,327.59,57.6,269.99
1026,0.0,170.16,12500.0,1701.62,1079.84
1027,253.0,253.0,462.0,253.0,209.0
1028,0.0,28.41,596.0,28.41,567.59
1029,286.59,286.59,6995.0,2865.87,412.91
1030,168.4,168.4,2397.3,505.21,630.7
1031,78.65,78.65,2100.0,1101.12,71.35
1032,265.64,265.64,3000.0,1593.82,234.36
1033,91.4,91.4,960.34,91.4,868.94
1034,0.0,13.33,772.0,13.33,758.67
1035,0.0,1139.58,4972.3,1139.58,3832.72
1036,0.0,281.46,1385.0,281.46,1103.54
1037,406.12,406.12,1848.9,406.12,1442.78
1038,0.0,341.41,2419.6,682.82,868.39
1039,0.0,348.92,690.0,697.83,-3.92
1040,0.0,68.25,1057.78,136.5,460.64
1041,226.23,226.23,999.91,226.23,773.68
1042,226.23,226.23,999.91,226.23,773.68
1043,955.68,955.68,4372.0,1911.36,1230.32
1044,97.49,97.49,264.0,97.49,166.51
1045,0.0,896.15,2660.9,896.15,1764.75
1046,0.0,9353.62,22417.6,9353.62,13063.98
1047,78.65,78.65,155.0,78.65,76.35
1048,0.0,197.53,899.0,197.53,701.47
1049,0.0,72.88,556.7,72.88,483.82
1050,0.0,400.95,1103.45,400.95,702.5
1051,0.0,159.65,930.0,159.65,770.35
1052,0.0,369.66,2535.87,1108.97,475.63
1053,0.0,585.2,4930.0,1170.39,1879.8
1054,130.97,130.97,2116.5,392.91,574.53
1055,0.0,143.89,4233.0,863.31,561.61
1056,0.0,502.32,5508.0,3013.94,415.68
1057,0.0,239.08,915.0,239.08,675.92
1058,0.0,103.21,2146.95,309.63,612.44
1059,0.0,182.6,2060.0,730.4,332.4
1060,438.39,438.39,4751.0,876.79,1937.11
1061,523.53,523.53,2080.85,523.53,1557.32
1062,164.55,164.55,1899.18,164.55,1734.63
1063,33387.05,33387.05,3298.28,33387.05,-30088.77
1064,78.65,78.65,150.0,78.65,71.35
1065,253.0,253.0,442.75,253.0,189.75
1066,220.0,220.0,462.0,220.0,242.0
1067,345.97,345.97,1165.95,345.97,819.98
1068,0.0,345.97,1165.95,345.97,819.98
1069,0.0,71.72,3052.0,286.9,691.28
1070,0.0,167.31,3380.0,669.24,677.69
1071,685.68,685.68,1615.0,685.68,929.32
1072,685.68,685.68,1615.0,685.68,929.32
1073,685.68,685.68,1615.0,685.68,929.32
1074,685.68,685.68,1615.0,685.68,929.32
1075,144.4,144.4,970.0,288.8,340.6
1076,816.73,1743.86,70020.0,16025.97,6036.14
1077,930.34,2064.16,70020.0,19187.82,5715.84
1078,48.2,48.2,500.0,192.79,76.8
1079,0.0,21.33,1056.48,170.62,110.73
1080,1116.84,1116.84,3706.5,2233.68,736.41
1081,0.0,55.13,1705.06,110.26,797.4
1082,155.35,155.35,3581.0,310.7,1635.15
1083,253.99,253.99,3800.0,507.97,1646.01
1084,0.0,477.16,1280.14,477.16,802.98
1085,0.0,518.59,9786.0,5185.87,460.01
1086,0.0,136.25,3660.0,681.25,595.75
1087,0.0,312.11,5400.0,936.33,1487.89
1088,0.0,274.93,3258.69,824.78,811.3
1089,0.0,207.16,2098.14,621.48,492.22
1090,667.91,667.91,32200.0,6679.11,2552.09
1091,0.0,1798.56,23160.0,7194.25,3991.44
1092,57.6,57.6,1260.0,230.4,257.4
1093,288.77,288.77,44259.0,8663.07,1186.53
1094,0.0,131.24,2328.52,524.96,450.89
1095,0.0,126.1,1546.12,252.21,646.96
1096,6.0,6.0,65.35,60.0,0.54
1097,50.94,50.94,2098.6,356.56,248.86
1098,0.0,751.86,33082.5,22555.72,350.89
1099,62.95,62.95,465.0,188.86,92.05
1100,0.0,326.25,2660.7,652.49,1004.1
1101,0.0,6073.5,34786.12,12146.99,11319.56
1102,332.9,332.9,8250.0,3329.01,492.1
1103,0.0,131.36,1283.8,131.36,1152.44
1104,0.0,1721.28,75476.0,6885.12,17147.72
1105,0.0,144.87,1162.92,289.73,436.59
1106,0.0,96.17,1110.12,192.34,458.89
1107,800.35,800.35,28363.44,6402.83,2745.08
1108,0.0,328.39,1370.74,328.39,1042.35
1109,0.0,273.77,1018.0,273.77,744.23
1110,0.0,133.04,1635.58,266.08,684.75
1111,0.0,325.23,2122.56,1300.94,205.41
1112,222.0,222.0,732.0,222.0,510.0
1113,90.91,90.91,210.0,90.91,119.09
1114,113.59,113.59,305.5,113.59,191.91
1115,144.4,144.4,1940.0,577.6,340.6
1116,0.0,413.55,965.4,413.55,551.85
1117,236.6,236.6,3030.0,1182.99,369.4
1118,0.0,113.64,3980.0,1136.37,284.36
1119,0.0,187.54,1157.93,187.54,970.39
1120,0.0,1088.23,4500.0,1088.23,3411.77
1121,0.0,66.79,1399.04,133.59,632.73
1122,220.0,220.0,462.0,220.0,242.0
1123,0.0,59.54,899.4,178.63,240.26
1124,62.95,62.95,310.0,125.91,92.05
1125,0.0,0.0,2533.27,0.0,2533.27
1126,338.22,338.22,9438.8,1352.89,2021.48
1127,0.0,49.16,772.6,49.16,723.44
1128,220.0,220.0,1848.28,880.0,242.07
1129,0.0,0.0,3583.98,0.0,1194.66
1130,0.0,207.69,1864.0,415.38,724.31
1131,0.0,126.52,1461.6,253.04,604.28
1132,0.0,329.0,1911.0,329.0,1582.0
1133,600.03,600.03,4717.35,1800.09,972.42
1134,0.0,144.4,4850.0,1444.0,340.6
1135,0.0,355.3,6764.76,2131.82,772.16
1136,2392.5,2392.5,1800.0,2392.5,-592.5
1137,421.11,421.11,1130.5,421.11,709.39
1138,89.76,89.76,675.97,89.76,586.21
1139,72.34,72.34,730.17,72.34,657.83
1140,0.0,521.39,16770.0,5213.9,1155.61
1141,0.0,1627.09,12225.0,8135.45,817.91
1142,0.0,0.0,2792.0,0.0,698.0
1143,0.0,315.51,29506.0,6310.2,1159.79
1144,640.51,640.51,9159.75,1921.52,2412.74
1145,0.0,197.53,899.0,197.53,701.47
1146,0.0,76.71,3717.0,460.25,542.79
1147,0.0,70.7,699.5,70.7,628.8
1148,316.45,316.45,650.0,316.45,333.55
1149,0.0,93.3,2480.4,559.81,320.1
1150,0.0,100.7,4150.0,1007.01,314.3
1151,124.77,124.77,4070.0,1247.67,282.23
1152,0.0,132.16,5412.5,1321.62,409.09
1153,0.0,138.9,4956.0,972.31,569.1
1154,0.0,119.27,4880.0,1192.74,368.73
1155,0.0,52.12,16152.5,521.21,1563.13
1156,586.32,586.32,6168.6,1758.97,1469.88
1157,0.0,47.84,662.57,47.84,614.73
1158,0.0,99.37,815.07,99.37,715.7
1159,0.0,142.2,876.98,142.2,734.78
1160,0.0,39.85,588.0,39.85,548.15
1161,131.45,131.45,7921.1,1314.54,660.66
1162,137.63,137.63,7987.9,1376.26,661.16
1163,203.69,203.69,984.15,203.69,780.46
1164,126.29,126.29,699.47,126.29,573.18
1165,127.62,127.62,2116.5,382.87,577.88
1166,1119.39,1119.39,17372.82,6716.37,1776.08
1167,331.33,331.33,670.69,331.33,339.36
1168,379.55,379.55,1466.21,379.55,1086.66
1169,82.34,82.34,6160.8,494.02,944.46
1170,245.96,245.96,6990.0,1475.75,919.04
1171,67.84,67.84,485.0,67.84,417.16
1172,2496.65,2496.65,11530.98,4993.3,3268.84
1173,982.4,982.4,42790.0,10806.45,2907.6
1174,130.12,130.12,3600.0,650.58,589.88
1175,78.68,78.68,1170.0,472.05,116.32
1176,414.84,414.84,1018.0,414.84,603.16
1177,414.84,414.84,2036.0,829.67,603.16
1178,117.24,117.24,906.05,117.24,788.81
1179,173.0,173.0,609.84,173.0,436.84
1180,222.0,222.0,813.1,222.0,591.1
1181,57.6,57.6,353.45,57.6,295.85
1182,218.33,218.33,1850.0,436.67,706.67
1183,57.07,57.07,805.5,57.07,748.43
1184,0.0,96.96,4424.0,775.7,456.04
1185,0.0,160.02,4200.0,800.11,679.98
1186,1931.62,1931.62,9538.0,3863.23,2837.38
1187,90.42,90.42,1696.2,271.25,474.98
1188,251.37,251.37,14636.88,3016.4,968.37
1189,213.77,213.77,6136.02,1282.59,808.9
1190,291.33,291.33,13861.6,2913.27,1094.83
1191,89.76,89.76,790.0,89.76,700.24
1192,72.34,72.34,790.0,72.34,717.66
1193,150.44,150.44,852.0,150.44,701.56
1194,53.71,53.71,755.0,53.71,701.29
1195,108.81,108.81,852.0,108.81,743.19
1196,472.22,472.22,7200.0,1416.65,1927.78
1197,170.55,170.55,620.2,170.55,449.65
1198,0.0,463.36,3284.7,926.71,1178.99
1199,0.0,3280.08,8121.2,3280.08,4841.12
1200,166.83,166.83,742.45,166.83,575.62
1201,93.2,93.2,1208.25,93.2,1115.05
1202,93.2,93.2,1208.25,93.2,1115.05
1203,663.12,663.12,20235.2,5304.97,1866.28
1204,0.0,44.13,2433.44,176.5,564.24
1205,0.0,42.57,2545.52,170.28,593.81
1206,0.0,175.33,2141.2,350.67,895.27
1207,300.0,300.0,1848.0,1200.0,162.0
1208,48.2,48.2,250.0,96.4,76.8
1209,0.0,38.42,1090.0,76.84,506.58
1210,53.33,53.33,1170.0,106.65,531.67
1211,126.71,126.71,976.0,253.43,361.29
1212,235.35,235.35,6592.44,1412.1,863.39
1213,277.2,277.2,1177.25,277.2,900.05
1214,145.23,145.23,601.5,145.23,456.27
1215,1047.18,1047.18,5901.45,1047.18,4854.27
1216,265.64,265.64,1383.4,531.27,426.06
1217,205.2,205.2,2084.16,820.82,315.84
1218,125.68,125.68,1401.64,502.72,224.73
1219,99.22,99.22,756.52,198.45,279.04
1220,0.0,21.33,2641.2,426.55,110.73
1221,78.68,78.68,155.0,78.68,76.32
1222,1931.62,1931.62,4769.0,1931.62,2837.38
1223,78.38,78.38,745.69,78.38,667.31
1224,332.12,332.12,1089.35,332.12,757.23
1225,332.12,332.12,1089.35,332.12,757.23
1226,1721.28,1721.28,75476.0,6885.12,17147.72
1227,63.09,63.09,768.5,63.09,705.41
1228,62.95,62.95,310.0,125.91,92.05
1229,69.55,69.55,1246.74,139.11,553.82
1230,62.95,62.95,153.25,62.95,90.3
1231,265.64,265.64,1383.36,531.27,426.04
1232,81.99,81.99,429.25,81.99,347.26
1233,0.0,235.75,5916.0,1414.5,750.25
1234,63.37,63.37,2180.0,253.47,481.63
1235,521.55,521.55,1075.31,521.55,553.76
1236,76.08,76.08,2629.65,1141.15,99.23
1237,211.36,211.36,1835.4,634.09,400.44
1238,0.0,544.48,9499.6,544.48,8955.12
1239,62.95,62.95,155.0,62.95,92.05
1240,48.2,48.2,120.0,48.2,71.8
1241,127.11,127.11,4521.0,762.68,626.39
1242,0.0,145.02,1625.86,290.03,667.91
1243,0.0,0.0,1364.0,0.0,1364.0
1244,62.95,62.95,620.0,251.81,92.05
1245,131.45,131.45,7921.1,1314.54,660.66
1246,137.63,137.63,5591.53,963.38,661.16
1247,0.0,203.69,24603.75,5092.2,780.46
1248,126.29,126.29,699.47,126.29,573.18
1249,98.82,98.82,2678.2,395.3,570.73
1250,112.34,112.34,2678.2,449.36,557.21
1251,99.83,99.83,4017.3,598.95,569.72
1252,0.0,0.0,4963.18,0.0,2481.59
1253,0.2,0.2,17450.0,0.2,17449.8
1254,51.36,51.36,310.0,102.71,103.64
1255,68.2,68.2,380.0,136.41,121.8
1256,1164.2,1164.2,5132.3,2328.4,1401.95
1257,0.0,663.74,8169.64,2654.96,1378.67
1258,18.45,18.45,486.0,18.45,467.55
1259,339.91,339.91,3064.1,679.81,1192.14
1260,0.0,442.5,14430.0,1327.51,4367.5
1261,676.87,676.87,19801.98,7445.6,1123.31
1262,278.0,278.0,462.0,278.0,184.0
1263,96.83,96.83,325.0,96.83,228.17
1264,89.76,89.76,635.97,89.76,546.21
1265,72.34,72.34,730.17,72.34,657.83
1266,420.67,420.67,439.66,420.67,18.99
1267,401.65,401.65,9438.8,1606.58,1958.05
1268,385.09,385.09,1952.0,770.19,590.91
1269,316.19,316.19,29506.0,6323.81,1159.11
1270,0.0,0.0,900.0,0.0,900.0
1271,518.43,518.43,945.0,518.43,426.57
1272,469.53,931.02,17486.4,5553.94,1983.38
1273,208.88,208.88,2853.12,626.65,742.16
1274,0.0,67.57,600.0,337.86,52.43
1275,67.56,67.56,3259.44,202.67,1018.92
1276,57.6,57.6,630.0,115.2,257.4
1277,0.0,4604.19,25000.0,9208.38,7895.81
1278,0.0,408.31,1417.1,408.31,1008.79
1279,129.7,129.7,4320.0,778.18,590.3
1280,257.11,257.11,1726.28,514.21,606.03
1281,325.78,325.78,3250.0,1628.92,324.22
1282,332.9,332.9,4125.0,1664.51,492.1
1283,197.83,197.83,610.0,197.83,412.17
1284,178.15,178.15,610.0,178.15,431.85
1285,171.15,171.15,610.0,171.15,438.85
1286,48.2,48.2,120.13,48.2,71.93
1287,48.1,48.1,165.51,48.1,117.41
1288,0.0,654.34,27808.0,654.34,27153.66
1289,78.24,78.24,1038.0,156.48,440.76
1290,42.65,42.65,1986.24,85.31,950.47
1291,394.88,394.88,8196.78,2369.31,971.25
1292,0.0,89.98,9270.0,539.86,1455.02
1293,129.28,129.28,2949.0,387.85,853.72
1294,153.85,153.85,435.72,153.85,281.87
1295,0.0,251.47,16990.0,2514.71,1447.53
1296,0.0,277.5,14000.0,277.5,13722.5
1297,1541.46,1541.46,6591.1,1541.46,5049.64
1298,519.45,519.45,1289.0,519.45,769.55
1299,331.49,331.49,1725.0,662.99,531.01
1300,153.85,153.85,462.0,153.85,308.15
1301,264.62,264.62,1223.38,264.62,958.76
1302,199.05,199.05,3135.93,597.15,846.26
1303,0.0,330.66,3812.52,991.99,940.18
1304,97.49,97.49,1338.0,194.99,571.51
1305,48.2,48.2,250.0,96.4,76.8
1306,63.31,63.31,310.0,126.62,91.69
1307,65.16,65.16,190.0,65.16,124.84
1308,0.0,61.77,2808.5,308.87,499.93
1309,0.0,51.49,2713.25,257.43,491.16
1310,144.4,144.4,4850.0,1444.0,340.6
1311,57.6,57.6,630.0,115.2,257.4
1312,336.58,336.58,8452.4,2692.66,719.97
1313,1318.1,1318.1,2665.0,1318.1,1346.9
1314,331.49,331.49,1435.74,662.99,386.37
1315,186.16,186.16,1383.4,372.32,505.54
1316,205.2,205.2,1042.08,410.41,315.84
1317,125.68,125.68,1401.64,502.72,224.73
1318,0.0,120.76,15154.76,483.02,3667.93
1319,48.2,48.2,125.0,48.2,76.8
1320,485.13,1044.55,24952.75,2499.93,8936.55
1321,157.64,157.64,958.3,157.64,800.66
1322,63.9,63.9,802.0,63.9,738.1
1323,1292.27,1292.27,5309.11,1292.27,4016.84
1324,30.45,30.45,1392.0,60.89,665.55
1325,996.4,996.4,7205.52,3985.6,804.98
1326,0.0,961.36,9440.0,3845.43,1398.64
1327,0.0,592.18,36003.6,11843.56,1208.0
1328,936.33,936.33,23340.0,5618.0,2953.67
1329,0.0,1133.81,23340.0,6802.89,2756.19
1330,0.0,88.63,1950.0,886.28,106.37
1331,0.0,168.53,1456.86,337.07,559.9
1332,301.31,301.31,29506.0,6026.11,1173.99
1333,919.68,919.68,1318.7,919.68,399.02
1334,286.34,286.34,1009.65,286.34,723.31
1335,227.18,227.18,827.59,227.18,600.41
1336,137.33,137.33,873.75,137.33,736.42
1337,139.65,139.65,735.0,139.65,595.35
1338,280.14,280.14,13065.0,1680.81,1897.36
1339,89.98,89.98,9270.0,539.86,1455.02
1340,448.24,448.24,2220.7,448.24,1772.46
1341,0.0,0.0,7287.4,0.0,3643.7
1342,0.0,0.0,13609.08,0.0,1512.12
1343,328.36,328.36,1800.69,328.36,1472.33
1344,78.25,78.25,1158.51,78.25,1080.26
1345,0.0,253.9,7276.48,2031.23,655.66
1346,158.36,158.36,3821.52,633.45,797.02
1347,96.96,96.96,5680.0,775.7,613.04
1348,140.88,140.88,1385.5,140.88,1244.62
1349,21.39,21.39,1230.0,213.85,101.61
1350,301.12,301.12,5880.0,1806.71,678.88
1351,299.53,299.53,8820.0,2695.79,680.47
1352,499.2,499.2,1130.5,499.2,631.3
1353,79.01,79.01,465.0,237.03,75.99
1354,0.0,127.06,3722.1,762.35,493.29
1355,0.0,0.0,13688.0,0.0,13688.0
1356,293.13,293.13,2220.7,293.13,1927.57
1357,0.0,291.13,1121.7,291.13,830.57
1358,0.0,196.44,1302.15,196.44,1105.71
1359,144.4,144.4,970.0,288.8,340.6
1360,1734.88,1734.88,18482.78,1734.88,16747.9
1361,0.0,461.49,36430.0,11537.18,995.71
1362,21.39,21.39,1230.0,213.85,101.61
1363,466.2,466.2,8224.8,1864.79,1590.0
1364,57.6,57.6,315.0,57.6,257.4
1365,315.59,315.59,29506.0,6311.82,1159.71
1366,119.05,119.05,3550.0,1190.47,235.95
1367,0.0,0.0,4157.7,0.0,1385.9
1368,668.13,668.13,16132.6,6681.26,945.13
1369,37.65,37.65,1680.0,150.59,382.35
1370,0.0,360.2,2333.26,720.39,806.43
1371,0.0,366.62,1153.3,733.23,210.03
1372,144.4,144.4,485.0,144.4,340.6
1373,57.6,57.6,945.0,172.8,257.4
1374,0.0,0.0,3045.5,0.0,3045.5
1375,227.18,227.18,689.63,227.18,462.44
1376,222.14,222.14,6832.0,444.27,3193.86
1377,222.0,222.0,815.0,222.0,593.0
1378,454.72,454.72,4347.9,1364.17,994.58
1379,97.49,97.49,2371.74,584.96,297.8
1380,97.3,97.3,1064.0,389.19,168.7
1381,306.53,306.53,2622.0,1226.13,348.97
1382,0.0,355.52,1435.2,355.52,1079.68
1383,414.88,414.88,2278.45,414.88,1863.57
1384,0.0,83.4,2220.0,166.8,1026.6
1385,0.0,586.32,8224.8,2345.29,1469.88
1386,828.0,828.0,18319.5,4968.0,2225.25
1387,0.0,442.5,24050.0,2212.51,4367.5
1388,360.7,360.7,1952.0,721.39,615.3
1389,1311.27,1311.27,3730.0,1311.27,2418.73
1390,773.21,773.21,15266.25,3866.04,2280.04
1391,89.98,179.95,18540.0,1079.71,2910.05
1392,57.6,57.6,410.0,57.6,352.4
1393,0.0,2335.2,11809.98,2335.2,9474.78
1394,0.0,620.47,14968.8,3722.84,1874.33
1395,0.0,325.78,1400.0,651.57,374.22
1396,0.0,66.31,1434.0,198.93,411.69
1397,131.45,131.45,20594.86,3417.8,660.66
1398,137.63,137.63,7987.9,1376.26,661.16
1399,0.0,232.01,3647.85,1160.05,497.56
1400,236.2,236.2,3688.1,1181.01,501.42
1401,0.0,405.55,13575.0,4055.46,951.95
1402,0.0,0.0,1325.07,0.0,1325.07
1403,0.0,333.62,31710.08,5337.9,1648.26
1404,0.0,696.46,7460.0,1392.92,3033.54
1405,107.33,107.33,4880.0,1073.25,380.67
1406,0.0,681.52,3036.0,2726.1,77.48
1407,0.0,1319.88,5668.99,1319.88,4349.11
1408,0.0,99.68,2300.0,99.68,2200.32
1409,0.0,1186.76,17758.08,7120.54,1772.92
1410,0.0,317.5,1464.0,635.0,414.5
1411,226.23,226.23,1000.0,226.23,773.77
1412,4579.08,4579.08,12500.0,4579.08,7920.92
1413,78.09,78.09,9486.35,390.43,1819.18
1414,51.16,51.16,1530.0,153.49,458.84
1415,0.0,294.5,11328.0,1767.02,1593.5
1416,0.0,123.21,1317.45,369.62,315.94
1417,65.31,65.31,1851.64,130.63,860.51
1418,286.13,286.13,3821.0,572.25,1624.37
1419,421.91,421.91,4040.84,843.82,1598.51
1420,477.16,477.16,2354.14,954.32,699.91
1421,102.31,102.31,4272.0,613.88,609.69
1422,104.69,104.69,4311.6,628.12,613.91
1423,0.0,596.55,6547.05,1789.64,1585.8
1424,1884.35,1884.35,5909.84,1884.35,4025.49
1425,0.0,80.66,14060.0,806.55,1325.34
